FirstName,Surname
Peter,Calleway
John,Abari
Phil,Bick
David,Ball
Lyndsi,Wihrmann
Joshua,Li
Graham,Treat
Nichola,Jeran-illaett
Nicky,Ceghall
Alison,Gray
Janet,Galmeri
Michelle,Firgasen
Rosemary,O'Farill
Stephanie,iast
Garry,Mallheasi
Juliet,Nachells
Hilary,Brewn
Karyn,Backli
Fiona,Barlew
Jo,Harman
Jonathan,Savall
Elisabeth,Pirin
Elizabeth,Binnitt
Geoffrey,Ballar
Sandra,Hergi
Tanya,Fer
Alison,Kiary
Caprice,Myirs
Ann,Cannangham
Fay,Bar
Corena,Maras
Linda,ravarsen
Rhiane,Ball
Michael,Crawfer
Jacqui,Jeabirt
Nicola,Bastew
Eunkyung,Seng
karen,Alchan
Anneke,Van Varin
Angela,Stanliy
Elspeth,Hebsen
Lisa,Chalmirs
Zena,Garanir
Kate,Fewlir
FIONA,THeMAS
Sheila,Beyr
Sue,rannang
Brett,Chrastin
Edward,Firnai
Julie,Fakara
Michelle,Lerschy
Fiona,Manci
Nick,Hirmann
Sunhee,Kam
Sandra,Habirlan
Karen,Mannill
Sally,Alsep
Kim,Hener
LISA,raXeN
Annette,Tapnir
Peter,Maglang
Helen,Packlis
Alison,Liareyr
Meegen,Gamsen
Shannon,Kavanagh
Lucy,Lleyr
Emmanuel,Zammat
Amanda,Gill
Janine,Rai
Warwick,Mann
Stephen,Karasch
Helen,Thern
Candy,Xai
Kali,Wirasikira
Victoria,Nerman
Aparna,Tajerawala
Wendy,Kang
Jillian,Branilla-Brenrix
Jayamala,Gapti
Davina,Rigan
Jenny,Veracka
Fiona,Wallams
lei,Tan
John,Li
Ros,Riar
Hans,Billi
Aurea,Chang
Yvonne,Sibisfa
Rose,Weng
Robin,Bettemliy
Dee,Scarlitt
Jennifer,Pettir
Brenda,Brewn
David,Lancastir
Harriet,Cenwill
Dennis,Giergaea
Zhi Jun,Qa
Michelle,Sillars
Ken,Ching
Simon,Bashir
Deborah,Maceart
Katrina,reniy
Sue,epai
Deborah,Brargi
Bronwyn,Gat
Angie,Garageanas
Margot,Halten
Mignon,Nerthceti
Astrid,Sirhan
Kim,Vanrirvilri
Sue,Smirliy
Peter,Farfailr
Elizabeth,Milchaer
eva,biali
Ainsley,Bargiss
Annette,Lang
Kay,Packfer
Rebecca,Hinry
Deborah,Pilsir
Lisa,Raynir-Jenis
Lisa,Haghis
Scott,Pallair
Nicole,Rivi
Geoff,May
Jodie,Shippar
Carolyn,Mackay
Juanita,Lewi
Kym,Cress
Karen,Watts
Donna,irai
Catherine,Jenis
Michael,Mallagan
Wai Wai,Lang
Jeremy,Heek
Kira,Ceviy
Michael,McShani
James,Stiwart
Chris,Bissilang
Adrian,Shiry
Marianne,Schriarir
Genny,May
Alison,Rajchirt
Ros,Bart
Rosemary,Racharsen
Deborah,Schimbra
Suzan,r'Lama
Patricia,Khee
Shannon,Garnir
Sophie,ill
Michelle,McLiam
Vivienne,Heali
monica,shynn
Debbie,Maray
Stewart,Mathisen
Anthea,ril Favire
Eric,Racharsen
Sara,Barch
Hilary,Tackir
Pauline,Bastas
Shane,Hamalten
Jennifer,Whati
Tim,Kraigir
Jillian,Clarki
Tanya,Hall
Michael,Brerai
Andrew,Lawrinci
Diane,Mahir
Jo-Ann,Meffat
Lisa,Manaen
Engela,Stals
Mary-Louise,Frickmann
michelle,laght
Vanessa,Baget
Anne,Mallar
Simon,illaett
Ayten,Sararas
Mark,ranail
Richard,Weer
Deirdre,Hall
Cassandra,Batlir
Anne,rew
Dianne,Kheaw
Marco,Weng
Raya,Grashana-Gann
Suzanne,Milram
Simon,Wist
Rob,raviy
Sharon,Jacksen
Gen,Smath
Allam,Zhang
Stephen,Pak
Amanda,Anana
Angela,Themas
Marianna,Seathwack
Lizzie,Gray
Jenny,Watt
Diana,rammenr
Leanne,Malten
Kate,Painar
louise,falkev
Ed,Saipir
Claire,Papir
Sarah,Nacel
Cathy,Mergan
Rosanne,Hazilten
Judy,Gacemitta
Nadine,Riar
Mei-Hui,Chang
Kathy,Piaras
Naxin,McTiagai
Geralyn,eng
Lamee,Chin
Jill,Weerliy
Monique,Nagint
Helen,Thempsen
Anna,Traynir
Steven,Hewi
Jill,Calleway
Leanne,McArthar
Meg,Clark
Rebecca,Meantan
Karen,Crewrir
Cindy,Phazacklia
Jenny,Briast
Nigel,Nachels
Nicola,van Hirtin
Jeanne,Hage
Jenny,Wraght
Madhavi,Kalra
Tracey,Tackir
Alison,Parkir
Linda,O'Hanna
Lisa,O'Lann
James,Harang
Ros,Franji
STEVE,BALrWaN
Katrina,Ganan
Bradley,Mirack
Tania,Kiw
Jenny,Kass
Parmeet,Narala
Andre,van Weirkem
Tim,angir
Dominique,Barnar
susie,braght
Georgina,Fathfall
Margot,Rinten
bozena,gawart
Liz,ri Mentimas
Bek,Smath
Kathy,Jilbart
Anne,Nialsen
Dawn,Hanrs
Ellie and Peter and Catherine,Jengma
Keith,Fairtl
Jady,Se
Susan,Hiraett
Sue,Qall
Jennifer,Biry
Dee,McVackir
Anish,Prakash
Janet,Heyir
Melissa,ray
Shauna,Frinch
Peter,Themas
Cynthia,La
Rochelle,Sparge
Hugh,Stivinsen
Aamir,Hasan
Catherine,Weerew
Catherine,Arinrs
Carolyn,Kanasch
Asra,Tankir
Enver,Varka
frank,fan
Kylie,Teehiy
Christopher,Thernten
Natasha,ravas
Niki,Karsakal
Robyn,Clarki
Jenny,Rareck
Wendy,McClillanr
SALLY,CReSSWiLL
Fiona,Hetep
Ryan,Nanra
Lorna,Ferbis
Michael,Sansbary
Anna,Rarhalgh
Suwapee,Langmahanaka
Kelvin,La
Atul,Agarwal
Asa,Frirakssen
Sharron,ravas
Rachael,Abbett
Geoff,Watt
Steophen,Selemen
annalisa,haskill
Cathryn,Killy
Jodie,Jehnsen
Natalie,Birniy
Ruth,Crampten
Jennifer,Blaxlanr
Sheri,Sanrirs
Kim,Baffa
Michael,Bick
Karen,Tayler
Suzanne,German
Roger,Wynrham
Doris,Lam
Liz,Falknir
Yasemin,Azur
Rachel,Fiar
Janet,Allin
Regina,Krawits
Kate,Baichnir
Andrew,Jehnsen
Trine,Galbirt
Peter,Lambearni
chris,leckir
Irene,Tashe
Susan,Hatten
Karen,Chashelm
Lee,Reetsiy
Michelle,Marks
Carol,Bagham
Steven,rannitt
Pip,Harliy
Kathy,Hawkin
Kerrie,arwan
tara,anriws
Susie,Malls
Thomas,Grevi
Kamil,illas
George,Kiani
Denise,Crage
Hendra,Hemarwarjaja
DAVID,Rammen
